,name,counts
,nunique,sum
isoday,,
2014-11-06,1,231.0
2014-11-07,1,310.0
2014-11-08,1,211.0
2014-11-09,1,162.0
2014-11-10,1,288.0
2014-11-11,1,85.0
2014-11-12,1,295.0
2014-11-13,1,317.0
2014-11-14,1,323.0
2014-11-15,1,246.0
2014-11-16,1,169.0
2014-11-17,1,238.0
2014-11-18,1,330.0
2014-11-19,1,300.0
2014-11-20,1,329.0
2014-11-21,1,339.0
2014-11-22,1,269.0
2014-11-23,1,118.0
2014-11-24,1,289.0
2014-11-25,1,265.0
2014-11-26,1,290.0
2014-11-27,1,302.0
2014-11-28,1,352.0
2014-11-29,1,309.0
2014-11-30,1,152.0
2014-12-01,1,305.0
2014-12-02,1,320.0
2014-12-03,1,336.0
2014-12-04,1,311.0
2014-12-05,1,283.0
2014-12-06,1,269.0
2014-12-07,1,125.0
2014-12-08,1,239.0
2014-12-09,1,299.0
2014-12-10,1,298.0
2014-12-11,1,338.0
2014-12-12,1,193.0
2014-12-13,1,191.0
2014-12-14,1,140.0
2014-12-15,1,264.0
2014-12-16,1,325.0
2014-12-17,1,300.0
2014-12-18,1,331.0
2014-12-19,1,283.0
2014-12-20,1,279.0
2014-12-21,1,130.0
2014-12-22,1,241.0
2014-12-23,1,224.0
2014-12-24,1,164.0
2014-12-25,1,47.0
2014-12-26,1,106.0
2014-12-27,1,92.0
2014-12-28,1,74.0
2014-12-29,1,125.0
2014-12-30,1,159.0
2014-12-31,1,139.0
2015-01-01,1,55.0
2015-01-02,1,143.0
2015-01-03,1,161.0
2015-01-04,1,102.0
2015-01-05,1,282.0
2015-01-06,1,312.0
2015-01-07,1,295.0
2015-01-08,1,269.0
2015-01-09,1,316.0
2015-01-10,1,224.0
2015-01-11,1,243.0
2015-01-12,1,279.0
2015-01-13,1,252.0
2015-01-14,1,305.0
2015-01-15,1,199.0
2015-01-16,1,247.0
2015-01-17,1,243.0
2015-01-18,1,61.0
2015-01-19,1,296.0
2015-01-20,1,303.0
2015-01-21,1,285.0
2015-01-22,1,333.0
2015-01-23,1,287.0
2015-01-24,1,211.0
2015-01-25,1,147.0
2015-01-26,1,262.0
2015-01-27,1,319.0
2015-01-28,1,281.0
2015-01-29,1,224.0
2015-01-30,1,209.0
2015-01-31,1,152.0
2015-02-01,1,89.0
2015-02-02,1,233.0
2015-02-03,1,266.0
2015-02-04,1,291.0
2015-02-05,1,271.0
2015-02-06,1,252.0
2015-02-07,1,221.0
2015-02-08,1,129.0
2015-02-09,1,227.0
2015-02-10,1,233.0
2015-02-11,1,233.0
2015-02-12,1,272.0
2015-02-13,1,187.0
2015-02-14,1,177.0
2015-02-15,1,104.0
2015-02-16,1,145.0
2015-02-17,1,216.0
2015-02-18,1,243.0
2015-02-19,1,230.0
2015-02-20,1,122.0
2015-02-21,1,149.0
2015-02-22,1,93.0
2015-02-23,1,256.0
2015-02-24,1,298.0
2015-02-25,1,221.0
2015-02-26,1,245.0
2015-02-27,1,283.0
2015-02-28,1,208.0
2015-03-01,1,147.0
2015-03-02,1,307.0
2015-03-03,1,289.0
2015-03-04,1,307.0
2015-03-05,1,353.0
2015-03-06,1,339.0
2015-03-07,1,342.0
2015-03-08,1,209.0
2015-03-09,1,310.0
2015-03-10,1,292.0
2015-03-11,1,345.0
2015-03-12,1,370.0
2015-03-13,1,244.0
2015-03-14,1,209.0
2015-03-15,1,147.0
2015-03-16,1,335.0
2015-03-17,1,414.0
2015-03-18,1,411.0
2015-03-19,1,352.0
2015-03-20,1,298.0
2015-03-21,1,221.0
2015-03-22,1,149.0
2015-03-23,1,337.0
2015-03-24,1,302.0
2015-03-25,1,319.0
2015-03-26,1,258.0
2015-03-27,1,289.0
2015-03-28,1,259.0
2015-03-29,1,111.0
2015-03-30,1,258.0
2015-03-31,1,339.0
2015-04-01,1,333.0
2015-04-02,1,311.0
2015-04-03,1,226.0
2015-04-04,1,208.0
2015-04-05,1,135.0
2015-04-06,1,172.0
2015-04-07,1,412.0
2015-04-08,1,400.0
2015-04-09,1,431.0
2015-04-10,1,385.0
2015-04-11,1,247.0
2015-04-12,1,231.0
2015-04-13,1,326.0
2015-04-14,1,352.0
2015-04-15,1,412.0
2015-04-16,1,334.0
2015-04-17,1,290.0
2015-04-18,1,200.0
2015-04-19,1,170.0
2015-04-20,1,294.0
2015-04-21,1,315.0
2015-04-22,1,332.0
2015-04-23,1,322.0
2015-04-24,1,319.0
2015-04-25,1,217.0
2015-04-26,1,137.0
2015-04-27,1,365.0
2015-04-28,1,449.0
2015-04-29,1,318.0
2015-04-30,1,169.0
2015-05-01,1,155.0
2015-05-02,1,102.0
2015-05-03,1,132.0
2015-05-04,1,283.0
2015-05-05,1,324.0
2015-05-06,1,310.0
2015-05-07,1,367.0
2015-05-08,1,150.0
2015-05-09,1,256.0
2015-05-10,1,187.0
2015-05-11,1,389.0
2015-05-12,1,440.0
2015-05-13,1,391.0
2015-05-14,1,138.0
2015-05-15,1,243.0
2015-05-16,1,227.0
2015-05-17,1,187.0
2015-05-18,1,304.0
2015-05-19,1,341.0
2015-05-20,1,333.0
2015-05-21,1,382.0
2015-05-22,1,409.0
2015-05-23,1,295.0
2015-05-24,1,221.0
2015-05-25,1,189.0
2015-05-26,1,415.0
2015-05-27,1,424.0
2015-05-28,1,412.0
2015-05-29,1,385.0
2015-05-30,1,392.0
2015-05-31,1,110.0
2015-06-01,1,356.0
2015-06-02,1,365.0
2015-06-03,1,419.0
2015-06-04,1,521.0
2015-06-05,1,467.0
2015-06-06,1,312.0
2015-06-07,1,224.0
2015-06-08,1,378.0
2015-06-09,1,394.0
2015-06-10,1,379.0
2015-06-11,1,364.0
2015-06-12,1,209.0
2015-06-13,1,387.0
2015-06-14,1,181.0
2015-06-15,1,367.0
2015-06-16,1,441.0
2015-06-17,1,451.0
2015-06-18,1,443.0
2015-06-19,1,446.0
2015-06-20,1,375.0
2015-06-21,1,265.0
2015-06-22,1,360.0
2015-06-23,1,397.0
2015-06-24,1,515.0
2015-06-25,1,479.0
2015-06-26,1,458.0
2015-06-27,1,347.0
2015-06-28,1,173.0
2015-06-29,1,390.0
2015-06-30,1,427.0
2015-07-01,1,412.0
2015-07-02,1,329.0
2015-07-03,1,431.0
2015-07-04,1,350.0
2015-07-05,1,184.0
2015-07-06,1,365.0
2015-07-07,1,348.0
2015-07-08,1,407.0
2015-07-09,1,448.0
2015-07-10,1,420.0
2015-07-11,1,409.0
2015-07-12,1,121.0
2015-07-13,1,229.0
2015-07-14,1,198.0
2015-07-15,1,356.0
2015-07-16,1,370.0
2015-07-17,1,306.0
2015-07-18,1,280.0
2015-07-19,1,138.0
2015-07-20,1,290.0
2015-07-21,1,302.0
2015-07-22,1,334.0
2015-07-23,1,320.0
2015-07-24,1,296.0
2015-07-25,1,212.0
2015-07-26,1,79.0
2015-07-27,1,233.0
2015-07-28,1,218.0
2015-07-29,1,300.0
2015-07-30,1,295.0
2015-07-31,1,261.0
2015-08-01,1,240.0
2015-08-02,1,120.0
2015-08-03,1,209.0
2015-08-04,1,270.0
2015-08-05,1,287.0
2015-08-06,1,242.0
2015-08-07,1,255.0
2015-08-08,1,212.0
2015-08-09,1,134.0
2015-08-10,1,246.0
2015-08-11,1,244.0
2015-08-12,1,232.0
2015-08-13,1,164.0
2015-08-14,1,167.0
2015-08-15,1,149.0
2015-08-16,1,125.0
2015-08-17,1,252.0
2015-08-18,1,299.0
2015-08-19,1,267.0
2015-08-20,1,249.0
2015-08-21,1,263.0
2015-08-22,1,213.0
2015-08-23,1,125.0
2015-08-24,1,151.0
2015-08-25,1,178.0
2015-08-26,1,243.0
2015-08-27,1,142.0
2015-08-28,1,335.0
2015-08-29,1,282.0
2015-08-30,1,178.0
2015-08-31,1,237.0
2015-09-01,1,438.0
2015-09-02,1,448.0
2015-09-03,1,434.0
2015-09-04,1,361.0
2015-09-05,1,341.0
2015-09-06,1,197.0
2015-09-07,1,425.0
2015-09-08,1,465.0
2015-09-09,1,452.0
2015-09-10,1,473.0
2015-09-11,1,467.0
2015-09-12,1,312.0
2015-09-13,1,180.0
2015-09-14,1,375.0
2015-09-15,1,405.0
2015-09-16,1,283.0
2015-09-17,1,431.0
2015-09-18,1,359.0
2015-09-19,1,378.0
2015-09-20,1,221.0
2015-09-21,1,442.0
2015-09-22,1,422.0
2015-09-23,1,481.0
2015-09-24,1,462.0
2015-09-25,1,459.0
2015-09-26,1,328.0
2015-09-27,1,358.0
2015-09-28,1,423.0
2015-09-29,1,503.0
2015-09-30,1,489.0
2015-10-01,1,490.0
2015-10-02,1,464.0
2015-10-03,1,338.0
2015-10-04,1,185.0
2015-10-05,1,256.0
2015-10-06,1,340.0
2015-10-07,1,453.0
2015-10-08,1,494.0
2015-10-09,1,502.0
2015-10-10,1,346.0
2015-10-11,1,291.0
2015-10-12,1,435.0
2015-10-13,1,438.0
2015-10-14,1,463.0
2015-10-15,1,418.0
2015-10-16,1,416.0
2015-10-17,1,284.0
2015-10-18,1,167.0
2015-10-19,1,349.0
2015-10-20,1,353.0
2015-10-21,1,291.0
2015-10-22,1,322.0
2015-10-23,1,330.0
2015-10-24,1,229.0
2015-10-25,1,179.0
2015-10-26,1,263.0
2015-10-27,1,218.0
2015-10-28,1,325.0
2015-10-29,1,258.0
2015-10-30,1,326.0
2015-10-31,1,308.0
2015-11-01,1,185.0
2015-11-02,1,400.0
2015-11-03,1,383.0
2015-11-04,1,393.0
2015-11-05,1,331.0
2015-11-06,1,269.0
2015-11-07,1,317.0
2015-11-08,1,188.0
2015-11-09,1,363.0
2015-11-10,1,417.0
2015-11-11,1,213.0
2015-11-12,1,420.0
2015-11-13,1,399.0
2015-11-14,1,293.0
2015-11-15,1,182.0
2015-11-16,1,307.0
2015-11-17,1,359.0
2015-11-18,1,410.0
2015-11-19,1,382.0
2015-11-20,1,185.0
2015-11-21,1,162.0
2015-11-22,1,139.0
2015-11-23,1,352.0
2015-11-24,1,282.0
2015-11-25,1,297.0
2015-11-26,1,339.0
2015-11-27,1,338.0
2015-11-28,1,283.0
2015-11-29,1,146.0
2015-11-30,1,321.0
2015-12-01,1,400.0
2015-12-02,1,388.0
2015-12-03,1,370.0
2015-12-04,1,362.0
2015-12-05,1,313.0
2015-12-06,1,141.0
2015-12-07,1,361.0
2015-12-08,1,327.0
2015-12-09,1,374.0
2015-12-10,1,364.0
2015-12-11,1,360.0
2015-12-12,1,329.0
2015-12-13,1,183.0
2015-12-14,1,332.0
2015-12-15,1,271.0
2015-12-16,1,327.0
2015-12-17,1,359.0
2015-12-18,1,403.0
2015-12-19,1,287.0
2015-12-20,1,172.0
2015-12-21,1,239.0
2015-12-22,1,187.0
2015-12-23,1,283.0
2015-12-24,1,163.0
2015-12-25,1,34.0
2015-12-26,1,153.0
2015-12-27,1,114.0
2015-12-28,1,182.0
2015-12-29,1,212.0
2015-12-30,1,191.0
2015-12-31,1,169.0
2016-01-01,1,61.0
2016-01-02,1,148.0
2016-01-03,1,40.0
2016-01-04,1,309.0
2016-01-05,1,326.0
2016-01-06,1,351.0
2016-01-07,1,321.0
2016-01-08,1,308.0
2016-01-09,1,165.0
2016-01-10,1,89.0
2016-01-11,1,227.0
2016-01-12,1,321.0
2016-01-13,1,359.0
2016-01-14,1,317.0
2016-01-15,1,266.0
2016-01-16,1,261.0
2016-01-17,1,127.0
2016-01-18,1,175.0
2016-01-19,1,297.0
2016-01-20,1,295.0
2016-01-21,1,302.0
2016-01-22,1,222.0
2016-01-23,1,245.0
2016-01-24,1,170.0
2016-01-25,1,298.0
2016-01-26,1,370.0
2016-01-27,1,197.0
2016-01-28,1,317.0
2016-01-29,1,316.0
2016-01-30,1,136.0
2016-01-31,1,126.0
2016-02-01,1,295.0
2016-02-02,1,290.0
2016-02-03,1,372.0
2016-02-04,1,308.0
2016-02-05,1,305.0
2016-02-06,1,181.0
2016-02-07,1,112.0
2016-02-08,1,177.0
2016-02-09,1,173.0
2016-02-10,1,286.0
2016-02-11,1,264.0
2016-02-12,1,171.0
2016-02-13,1,135.0
2016-02-14,1,123.0
2016-02-15,1,215.0
2016-02-16,1,224.0
2016-02-17,1,241.0
2016-02-18,1,216.0
2016-02-19,1,215.0
2016-02-20,1,190.0
2016-02-21,1,130.0
2016-02-22,1,253.0
2016-02-23,1,329.0
2016-02-24,1,169.0
2016-02-25,1,309.0
2016-02-26,1,325.0
2016-02-27,1,245.0
2016-02-28,1,152.0
2016-02-29,1,333.0
2016-03-01,1,268.0
2016-03-02,1,304.0
2016-03-03,1,281.0
2016-03-04,1,247.0
2016-03-05,1,210.0
2016-03-06,1,129.0
2016-03-07,1,285.0
2016-03-08,1,312.0
2016-03-09,1,204.0
2016-03-10,1,249.0
2016-03-11,1,287.0
2016-03-12,1,269.0
2016-03-13,1,167.0
2016-03-14,1,306.0
2016-03-15,1,358.0
2016-03-16,1,344.0
2016-03-17,1,317.0
2016-03-18,1,339.0
2016-03-19,1,235.0
2016-03-20,1,203.0
2016-03-21,1,310.0
2016-03-22,1,350.0
2016-03-23,1,372.0
2016-03-24,1,331.0
2016-03-25,1,335.0
2016-03-26,1,136.0
2016-03-27,1,68.0
2016-03-28,1,70.0
2016-03-29,1,297.0
2016-03-30,1,253.0
2016-03-31,1,362.0
2016-04-01,1,370.0
2016-04-02,1,283.0
2016-04-03,1,136.0
2016-04-04,1,218.0
2016-04-05,1,314.0
2016-04-06,1,263.0
2016-04-07,1,329.0
2016-04-08,1,278.0
2016-04-09,1,177.0
2016-04-10,1,111.0
2016-04-11,1,260.0
2016-04-12,1,309.0
2016-04-13,1,310.0
2016-04-14,1,200.0
2016-04-15,1,284.0
2016-04-16,1,240.0
2016-04-17,1,187.0
2016-04-18,1,372.0
2016-04-19,1,417.0
2016-04-20,1,405.0
2016-04-21,1,338.0
2016-04-22,1,280.0
2016-04-23,1,266.0
2016-04-24,1,185.0
2016-04-25,1,310.0
2016-04-26,1,361.0
2016-04-27,1,309.0
2016-04-28,1,393.0
2016-04-29,1,247.0
2016-04-30,1,264.0
2016-05-01,1,239.0
2016-05-02,1,328.0
2016-05-03,1,421.0
2016-05-04,1,381.0
2016-05-05,1,181.0
2016-05-06,1,218.0
2016-05-07,1,253.0
2016-05-08,1,161.0
2016-05-09,1,264.0
2016-05-10,1,319.0
2016-05-11,1,345.0
2016-05-12,1,299.0
2016-05-13,1,315.0
2016-05-14,1,254.0
2016-05-15,1,184.0
2016-05-16,1,153.0
2016-05-17,1,465.0
2016-05-18,1,338.0
2016-05-19,1,467.0
2016-05-20,1,438.0
2016-05-21,1,369.0
2016-05-22,1,152.0
2016-05-23,1,400.0
2016-05-24,1,518.0
2016-05-25,1,517.0
2016-05-26,1,541.0
2016-05-27,1,451.0
2016-05-28,1,352.0
2016-05-29,1,168.0
2016-05-30,1,456.0
2016-05-31,1,457.0
2016-06-01,1,430.0
2016-06-02,1,412.0
2016-06-03,1,485.0
2016-06-04,1,369.0
2016-06-05,1,238.0
2016-06-06,1,428.0
2016-06-07,1,498.0
2016-06-08,1,509.0
2016-06-09,1,519.0
2016-06-10,1,380.0
2016-06-11,1,187.0
2016-06-12,1,169.0
2016-06-13,1,311.0
2016-06-14,1,336.0
2016-06-15,1,368.0
2016-06-16,1,379.0
2016-06-17,1,341.0
2016-06-18,1,314.0
2016-06-19,1,167.0
2016-06-20,1,175.0
2016-06-21,1,389.0
2016-06-22,1,412.0
2016-06-23,1,317.0
2016-06-24,1,441.0
2016-06-25,1,308.0
2016-06-26,1,197.0
2016-06-27,1,308.0
2016-06-28,1,421.0
2016-06-29,1,482.0
2016-06-30,1,437.0
2016-07-01,1,348.0
2016-07-02,1,306.0
2016-07-03,1,161.0
2016-07-04,1,377.0
2016-07-05,1,435.0
2016-07-06,1,522.0
2016-07-07,1,528.0
2016-07-08,1,443.0
2016-07-09,1,249.0
2016-07-10,1,283.0
2016-07-11,1,370.0
2016-07-12,1,352.0
2016-07-13,1,359.0
2016-07-14,1,221.0
2016-07-15,1,263.0
2016-07-16,1,235.0
2016-07-17,1,161.0
2016-07-18,1,313.0
2016-07-19,1,361.0
2016-07-20,1,359.0
2016-07-21,1,142.0
2016-07-22,1,88.0
2016-07-23,1,79.0
2016-07-24,1,57.0
2016-07-25,1,90.0
2016-07-26,1,121.0
2016-07-27,1,99.0
2016-07-28,1,238.0
2016-07-29,1,282.0
2016-07-30,1,243.0
2016-07-31,1,138.0
2016-08-01,1,237.0
2016-08-02,1,241.0
2016-08-03,1,211.0
2016-08-04,1,253.0
2016-08-05,1,270.0
2016-08-06,1,205.0
2016-08-07,1,136.0
2016-08-08,1,231.0
2016-08-09,1,265.0
2016-08-10,1,226.0
2016-08-11,1,264.0
2016-08-12,1,217.0
2016-08-13,1,188.0
2016-08-14,1,104.0
2016-08-15,1,137.0
2016-08-16,1,267.0
2016-08-17,1,306.0
2016-08-18,1,290.0
2016-08-19,1,168.0
2016-08-20,1,240.0
2016-08-21,1,204.0
2016-08-22,1,332.0
2016-08-23,1,385.0
2016-08-24,1,371.0
2016-08-25,1,359.0
2016-08-26,1,336.0
2016-08-27,1,260.0
2016-08-28,1,168.0
2016-08-29,1,383.0
2016-08-30,1,467.0
2016-08-31,1,494.0
2016-09-01,1,512.0
2016-09-02,1,545.0
2016-09-03,1,401.0
2016-09-04,1,207.0
2016-09-05,1,448.0
2016-09-06,1,506.0
2016-09-07,1,556.0
2016-09-08,1,575.0
2016-09-09,1,521.0
2016-09-10,1,369.0
2016-09-11,1,272.0
2016-09-12,1,479.0
2016-09-13,1,474.0
2016-09-14,1,495.0
2016-09-15,1,503.0
2016-09-16,1,333.0
2016-09-17,1,421.0
2016-09-18,1,251.0
2016-09-19,1,432.0
2016-09-20,1,520.0
2016-09-21,1,557.0
2016-09-22,1,545.0
2016-09-23,1,503.0
2016-09-24,1,375.0
2016-09-25,1,461.0
2016-09-26,1,337.0
2016-09-27,1,310.0
2016-09-28,1,529.0
2016-09-29,1,462.0
2016-09-30,1,507.0
2016-10-01,1,302.0
2016-10-02,1,218.0
2016-10-03,1,470.0
2016-10-04,1,448.0
2016-10-05,1,545.0
2016-10-06,1,491.0
2016-10-07,1,446.0
2016-10-08,1,385.0
2016-10-09,1,315.0
2016-10-10,1,326.0
2016-10-11,1,380.0
2016-10-12,1,302.0
2016-10-13,1,421.0
2016-10-14,1,377.0
2016-10-15,1,227.0
2016-10-16,1,172.0
2016-10-17,1,419.0
2016-10-18,1,419.0
2016-10-19,1,395.0
2016-10-20,1,335.0
2016-10-21,1,385.0
2016-10-22,1,259.0
2016-10-23,1,101.0
2016-10-24,1,209.0
2016-10-25,1,317.0
2016-10-26,1,375.0
2016-10-27,1,335.0
2016-10-28,1,329.0
2016-10-29,1,245.0
2016-10-30,1,149.0
2016-10-31,1,235.0
2016-11-01,1,195.0
2016-11-02,1,385.0
2016-11-03,1,441.0
2016-11-04,1,317.0
2016-11-05,1,303.0
2016-11-06,1,154.0
2016-11-07,1,351.0
2016-11-08,1,421.0
2016-11-09,1,296.0
2016-11-10,1,344.0
2016-11-11,1,226.0
2016-11-12,1,138.0
2016-11-13,1,178.0
2016-11-14,1,380.0
2016-11-15,1,283.0
2016-11-16,1,317.0
2016-11-17,1,307.0
2016-11-18,1,357.0
2016-11-19,1,303.0
2016-11-20,1,137.0
2016-11-21,1,222.0
2016-11-22,1,363.0
2016-11-23,1,322.0
2016-11-24,1,291.0
2016-11-25,1,287.0
2016-11-26,1,314.0
2016-11-27,1,198.0
2016-11-28,1,335.0
2016-11-29,1,351.0
2016-11-30,1,393.0
2016-12-01,1,344.0
2016-12-02,1,367.0
2016-12-03,1,313.0
2016-12-04,1,144.0
2016-12-05,1,356.0
2016-12-06,1,369.0
2016-12-07,1,347.0
2016-12-08,1,357.0
2016-12-09,1,376.0
2016-12-10,1,305.0
2016-12-11,1,174.0
2016-12-12,1,298.0
2016-12-13,1,341.0
2016-12-14,1,349.0
2016-12-15,1,399.0
2016-12-16,1,388.0
2016-12-17,1,301.0
2016-12-18,1,128.0
2016-12-19,1,258.0
2016-12-20,1,219.0
2016-12-21,1,236.0
2016-12-22,1,255.0
2016-12-23,1,210.0
2016-12-24,1,174.0
2016-12-25,1,38.0
2016-12-26,1,158.0
2016-12-27,1,169.0
2016-12-28,1,197.0
2016-12-29,1,173.0
2016-12-30,1,117.0
2016-12-31,1,81.0
2017-01-01,1,50.0
2017-01-02,1,161.0
2017-01-03,1,257.0
2017-01-04,1,278.0
2017-01-05,1,326.0
2017-01-06,1,282.0
2017-01-07,1,227.0
2017-01-08,1,127.0
2017-01-09,1,293.0
2017-01-10,1,295.0
2017-01-11,1,332.0
2017-01-12,1,247.0
2017-01-13,1,289.0
2017-01-14,1,216.0
2017-01-15,1,63.0
2017-01-16,1,239.0
2017-01-17,1,270.0
2017-01-18,1,308.0
2017-01-19,1,301.0
2017-01-20,1,281.0
2017-01-21,1,193.0
2017-01-22,1,126.0
2017-01-23,1,302.0
2017-01-24,1,289.0
2017-01-25,1,272.0
2017-01-26,1,277.0
2017-01-27,1,259.0
2017-01-28,1,260.0
2017-01-29,1,132.0
2017-01-30,1,222.0
2017-01-31,1,288.0
2017-02-01,1,314.0
2017-02-02,1,244.0
2017-02-03,1,218.0
2017-02-04,1,212.0
2017-02-05,1,75.0
2017-02-06,1,254.0
2017-02-07,1,296.0
2017-02-08,1,309.0
2017-02-09,1,336.0
2017-02-10,1,294.0
2017-02-11,1,241.0
2017-02-12,1,107.0
2017-02-13,1,237.0
2017-02-14,1,250.0
2017-02-15,1,253.0
2017-02-16,1,262.0
2017-02-17,1,261.0
2017-02-18,1,230.0
2017-02-19,1,142.0
2017-02-20,1,212.0
2017-02-21,1,253.0
2017-02-22,1,272.0
2017-02-23,1,224.0
2017-02-24,1,268.0
2017-02-25,1,242.0
2017-02-26,1,167.0
2017-02-27,1,180.0
2017-02-28,1,307.0
2017-03-01,1,246.0
2017-03-02,1,366.0
2017-03-03,1,332.0
2017-03-04,1,326.0
2017-03-05,1,117.0
2017-03-06,1,189.0
2017-03-07,1,274.0
2017-03-08,1,340.0
2017-03-09,1,373.0
2017-03-10,1,371.0
2017-03-11,1,333.0
2017-03-12,1,117.0
2017-03-13,1,379.0
2017-03-14,1,393.0
2017-03-15,1,398.0
2017-03-16,1,468.0
2017-03-17,1,399.0
2017-03-18,1,310.0
2017-03-19,1,217.0
2017-03-20,1,358.0
2017-03-21,1,430.0
2017-03-22,1,319.0
2017-03-23,1,360.0
2017-03-24,1,388.0
2017-03-25,1,317.0
2017-03-26,1,216.0
2017-03-27,1,444.0
2017-03-28,1,450.0
2017-03-29,1,478.0
2017-03-30,1,491.0
2017-03-31,1,451.0
2017-04-01,1,340.0
2017-04-02,1,281.0
2017-04-03,1,454.0
2017-04-04,1,391.0
2017-04-05,1,447.0
2017-04-06,1,518.0
2017-04-07,1,491.0
2017-04-08,1,422.0
2017-04-09,1,243.0
2017-04-10,1,358.0
2017-04-11,1,403.0
2017-04-12,1,428.0
2017-04-13,1,358.0
2017-04-14,1,334.0
2017-04-15,1,236.0
2017-04-16,1,132.0
2017-04-17,1,119.0
2017-04-18,1,369.0
2017-04-19,1,366.0
2017-04-20,1,342.0
2017-04-21,1,361.0
2017-04-22,1,365.0
2017-04-23,1,309.0
2017-04-24,1,441.0
2017-04-25,1,372.0
2017-04-26,1,373.0
2017-04-27,1,434.0
2017-04-28,1,404.0
2017-04-29,1,325.0
2017-04-30,1,89.0
2017-05-01,1,150.0
2017-05-02,1,403.0
2017-05-03,1,458.0
2017-05-04,1,455.0
2017-05-05,1,446.0
2017-05-06,1,252.0
2017-05-07,1,302.0
2017-05-08,1,213.0
2017-05-09,1,492.0
2017-05-10,1,493.0
2017-05-11,1,389.0
2017-05-12,1,375.0
2017-05-13,1,339.0
2017-05-14,1,257.0
2017-05-15,1,454.0
2017-05-16,1,517.0
2017-05-17,1,355.0
2017-05-18,1,369.0
2017-05-19,1,383.0
2017-05-20,1,353.0
2017-05-21,1,303.0
2017-05-22,1,481.0
2017-05-23,1,519.0
2017-05-24,1,466.0
2017-05-25,1,254.0
2017-05-26,1,255.0
2017-05-27,1,316.0
2017-05-28,1,164.0
2017-05-29,1,263.0
2017-05-30,1,489.0
2017-05-31,1,561.0
2017-06-01,1,610.0
2017-06-02,1,558.0
2017-06-03,1,365.0
2017-06-04,1,249.0
2017-06-05,1,183.0
2017-06-06,1,374.0
2017-06-07,1,502.0
2017-06-08,1,518.0
2017-06-09,1,563.0
2017-06-10,1,436.0
2017-06-11,1,266.0
2017-06-12,1,506.0
2017-06-13,1,549.0
2017-06-14,1,560.0
2017-06-15,1,562.0
2017-06-16,1,502.0
2017-06-17,1,406.0
2017-06-18,1,260.0
2017-06-19,1,477.0
2017-06-20,1,522.0
2017-06-21,1,549.0
2017-06-22,1,592.0
2017-06-23,1,487.0
2017-06-24,1,351.0
2017-06-25,1,229.0
2017-06-26,1,458.0
2017-06-27,1,350.0
2017-06-28,1,448.0
2017-06-29,1,456.0
2017-06-30,1,289.0
2017-07-01,1,290.0
2017-07-02,1,183.0
2017-07-03,1,470.0
2017-07-04,1,556.0
2017-07-05,1,517.0
2017-07-06,1,542.0
2017-07-07,1,474.0
2017-07-08,1,380.0
2017-07-09,1,224.0
2017-07-10,1,380.0
2017-07-11,1,426.0
2017-07-12,1,374.0
2017-07-13,1,420.0
2017-07-14,1,217.0
2017-07-15,1,208.0
2017-07-16,1,144.0
2017-07-17,1,397.0
2017-07-18,1,394.0
2017-07-19,1,369.0
2017-07-20,1,391.0
2017-07-21,1,319.0
2017-07-22,1,201.0
2017-07-23,1,100.0
2017-07-24,1,299.0
2017-07-25,1,338.0
2017-07-26,1,244.0
2017-07-27,1,363.0
2017-07-28,1,308.0
2017-07-29,1,213.0
2017-07-30,1,126.0
2017-07-31,1,287.0
2017-08-01,1,348.0
2017-08-02,1,319.0
2017-08-03,1,297.0
2017-08-04,1,240.0
2017-08-05,1,218.0
2017-08-06,1,171.0
2017-08-07,1,296.0
2017-08-08,1,168.0
2017-08-09,1,229.0
2017-08-10,1,227.0
2017-08-11,1,273.0
2017-08-12,1,180.0
2017-08-13,1,133.0
2017-08-14,1,185.0
2017-08-15,1,143.0
2017-08-16,1,295.0
2017-08-17,1,257.0
2017-08-18,1,286.0
2017-08-19,1,279.0
2017-08-20,1,155.0
2017-08-21,1,346.0
2017-08-22,1,405.0
2017-08-23,1,386.0
2017-08-24,1,410.0
2017-08-25,1,369.0
2017-08-26,1,305.0
2017-08-27,1,238.0
2017-08-28,1,377.0
2017-08-29,1,488.0
2017-08-30,1,406.0
2017-08-31,1,480.0
2017-09-01,1,322.0
2017-09-02,1,394.0
2017-09-03,1,121.0
2017-09-04,1,413.0
2017-09-05,1,475.0
2017-09-06,1,514.0
2017-09-07,1,516.0
2017-09-08,1,323.0
2017-09-09,1,373.0
2017-09-10,1,242.0
2017-09-11,1,451.0
2017-09-12,1,602.0
2017-09-13,1,330.0
2017-09-14,1,539.0
2017-09-15,1,495.0
2017-09-16,1,276.0
2017-09-17,1,264.0
2017-09-18,1,486.0
2017-09-19,1,562.0
2017-09-20,1,566.0
2017-09-21,1,481.0
2017-09-22,1,523.0
2017-09-23,1,422.0
2017-09-24,1,400.0
2017-09-25,1,345.0
2017-09-26,1,597.0
2017-09-27,1,557.0
2017-09-28,1,487.0
2017-09-29,1,456.0
2017-09-30,1,380.0
2017-10-01,1,177.0
2017-10-02,1,456.0
2017-10-03,1,579.0
2017-10-04,1,563.0
2017-10-05,1,567.0
2017-10-06,1,553.0
2017-10-07,1,453.0
2017-10-08,1,252.0
2017-10-09,1,476.0
2017-10-10,1,574.0
2017-10-11,1,565.0
2017-10-12,1,561.0
2017-10-13,1,580.0
2017-10-14,1,506.0
2017-10-15,1,258.0
2017-10-16,1,511.0
2017-10-17,1,601.0
2017-10-18,1,510.0
2017-10-19,1,507.0
2017-10-20,1,510.0
2017-10-21,1,378.0
2017-10-22,1,273.0
2017-10-23,1,291.0
2017-10-24,1,424.0
2017-10-25,1,451.0
2017-10-26,1,478.0
2017-10-27,1,434.0
2017-10-28,1,345.0
2017-10-29,1,171.0
2017-10-30,1,349.0
2017-10-31,1,390.0
2017-11-01,1,209.0
2017-11-02,1,417.0
2017-11-03,1,361.0
2017-11-04,1,278.0
2017-11-05,1,133.0
2017-11-06,1,444.0
2017-11-07,1,405.0
2017-11-08,1,456.0
2017-11-09,1,454.0
2017-11-10,1,424.0
2017-11-11,1,264.0
2017-11-12,1,215.0
2017-11-13,1,483.0
2017-11-14,1,507.0
2017-11-15,1,550.0
2017-11-16,1,508.0
2017-11-17,1,497.0
2017-11-18,1,378.0
2017-11-19,1,238.0
2017-11-20,1,509.0
2017-11-21,1,520.0
2017-11-22,1,528.0
2017-11-23,1,437.0
2017-11-24,1,407.0
2017-11-25,1,253.0
2017-11-26,1,189.0
2017-11-27,1,424.0
2017-11-28,1,417.0
2017-11-29,1,422.0
2017-11-30,1,275.0
2017-12-01,1,323.0
2017-12-02,1,296.0
2017-12-03,1,183.0
2017-12-04,1,393.0
2017-12-05,1,423.0
2017-12-06,1,358.0
2017-12-07,1,304.0
2017-12-08,1,337.0
2017-12-09,1,245.0
2017-12-10,1,110.0
2017-12-11,1,189.0
2017-12-12,1,344.0
2017-12-13,1,282.0
2017-12-14,1,278.0
2017-12-15,1,293.0
2017-12-16,1,300.0
2017-12-17,1,174.0
2017-12-18,1,285.0
2017-12-19,1,293.0
2017-12-20,1,338.0
2017-12-21,1,327.0
2017-12-22,1,302.0
2017-12-23,1,283.0
2017-12-24,1,78.0
2017-12-25,1,25.0
2017-12-26,1,95.0
2017-12-27,1,122.0
2017-12-28,1,188.0
2017-12-29,1,162.0
2017-12-30,1,167.0
2017-12-31,1,43.0
2018-01-01,1,73.0
2018-01-02,1,165.0
2018-01-03,1,183.0
2018-01-04,1,218.0
2018-01-05,1,225.0
2018-01-06,1,259.0
2018-01-07,1,99.0
2018-01-08,1,313.0
2018-01-09,1,321.0
2018-01-10,1,361.0
2018-01-11,1,360.0
2018-01-12,1,331.0
2018-01-13,1,276.0
2018-01-14,1,179.0
2018-01-15,1,250.0
2018-01-16,1,305.0
2018-01-17,1,362.0
2018-01-18,1,289.0
2018-01-19,1,354.0
2018-01-20,1,199.0
2018-01-21,1,132.0
2018-01-22,1,310.0
2018-01-23,1,366.0
2018-01-24,1,301.0
2018-01-25,1,352.0
2018-01-26,1,353.0
2018-01-27,1,343.0
2018-01-28,1,202.0
2018-01-29,1,372.0
2018-01-30,1,394.0
2018-01-31,1,314.0
2018-02-01,1,298.0
2018-02-02,1,324.0
2018-02-03,1,175.0
2018-02-04,1,165.0
2018-02-05,1,298.0
2018-02-06,1,359.0
2018-02-07,1,328.0
2018-02-08,1,379.0
2018-02-09,1,292.0
2018-02-10,1,247.0
2018-02-11,1,161.0
2018-02-12,1,322.0
2018-02-13,1,261.0
2018-02-14,1,247.0
2018-02-15,1,316.0
2018-02-16,1,332.0
2018-02-17,1,348.0
2018-02-18,1,133.0
2018-02-19,1,258.0
2018-02-20,1,354.0
2018-02-21,1,389.0
2018-02-22,1,371.0
2018-02-23,1,330.0
2018-02-24,1,301.0
2018-02-25,1,165.0
2018-02-26,1,231.0
2018-02-27,1,214.0
2018-02-28,1,239.0
2018-03-01,1,153.0
2018-03-02,1,224.0
2018-03-03,1,196.0
2018-03-04,1,128.0
2018-03-05,1,217.0
2018-03-06,1,212.0
2018-03-07,1,231.0
2018-03-08,1,222.0
2018-03-09,1,284.0
2018-03-10,1,283.0
2018-03-11,1,159.0
2018-03-12,1,286.0
2018-03-13,1,361.0
2018-03-14,1,371.0
2018-03-15,1,305.0
2018-03-16,1,300.0
2018-03-17,1,264.0
2018-03-18,1,161.0
2018-03-19,1,279.0
2018-03-20,1,333.0
2018-03-21,1,368.0
2018-03-22,1,470.0
2018-03-23,1,368.0
2018-03-24,1,284.0
2018-03-25,1,169.0
2018-03-26,1,390.0
2018-03-27,1,351.0
2018-03-28,1,349.0
2018-03-29,1,315.0
2018-03-30,1,283.0
2018-03-31,1,232.0
2018-04-01,1,115.0
2018-04-02,1,131.0
2018-04-03,1,363.0
2018-04-04,1,403.0
2018-04-05,1,471.0
2018-04-06,1,291.0
2018-04-07,1,291.0
2018-04-08,1,121.0
2018-04-09,1,189.0
2018-04-10,1,90.0
2018-04-11,1,103.0
2018-04-12,1,87.0
2018-04-13,1,84.0
2018-04-14,1,88.0
2018-04-15,1,43.0
2018-04-16,1,98.0
2018-04-17,1,117.0
2018-04-18,1,137.0
2018-04-19,1,143.0
2018-04-20,1,57.0
2018-04-21,1,54.0
2018-04-22,1,77.0
2018-04-23,1,92.0
2018-04-24,1,156.0
2018-04-25,1,94.0
2018-04-26,1,197.0
2018-04-27,1,180.0
2018-04-28,1,187.0
2018-04-29,1,49.0
2018-04-30,1,118.0
2018-05-01,1,178.0
2018-05-02,1,177.0
2018-05-03,1,376.0
2018-05-04,1,339.0
2018-05-05,1,291.0
2018-05-06,1,172.0
2018-05-07,1,244.0
2018-05-08,1,165.0
2018-05-09,1,287.0
2018-05-10,1,221.0
2018-05-11,1,242.0
2018-05-12,1,242.0
2018-05-13,1,204.0
2018-05-14,1,443.0
2018-05-15,1,385.0
2018-05-16,1,441.0
2018-05-17,1,414.0
2018-05-18,1,467.0
2018-05-19,1,384.0
2018-05-20,1,212.0
2018-05-21,1,206.0
2018-05-22,1,515.0
2018-05-23,1,523.0
2018-05-24,1,428.0
2018-05-25,1,384.0
2018-05-26,1,342.0
2018-05-27,1,184.0
2018-05-28,1,376.0
2018-05-29,1,403.0
2018-05-30,1,434.0
2018-05-31,1,353.0
2018-06-01,1,420.0
2018-06-02,1,407.0
2018-06-03,1,227.0
2018-06-04,1,175.0
2018-06-05,1,299.0
2018-06-06,1,289.0
2018-06-07,1,125.0
2018-06-18,1,125.0
2018-06-19,1,152.0
2018-06-20,1,150.0
2018-06-21,1,223.0
2018-06-22,1,152.0
2018-06-23,1,657.0
2018-06-24,1,415.0
2018-06-25,1,138.0
2018-06-26,1,121.0
2018-06-27,1,2196.0
2018-06-28,1,2150.0
2018-06-29,1,2163.0
2018-06-30,1,1729.0
2018-07-01,1,1029.0
2018-07-02,1,1190.0
2018-07-03,1,2115.0
2018-07-04,1,2227.0
2018-07-05,1,2201.0
2018-07-06,1,1988.0
2018-07-07,1,1610.0
2018-07-08,1,929.0
2018-07-09,1,1816.0
2018-07-10,1,2254.0
2018-07-11,1,2059.0
2018-07-12,1,1916.0
2018-07-13,1,1847.0
2018-07-14,1,1190.0
2018-07-15,1,963.0
2018-07-16,1,1368.0
2018-07-17,1,1745.0
2018-07-18,1,1796.0
2018-07-19,1,1617.0
2018-07-20,1,1649.0
2018-07-21,1,1275.0
2018-07-22,1,732.0
2018-07-23,1,1359.0
2018-07-24,1,1570.0
2018-07-25,1,1632.0
2018-07-26,1,1571.0
2018-07-27,1,1426.0
2018-07-28,1,1107.0
2018-07-29,1,372.0
2018-07-30,1,1074.0
2018-07-31,1,1471.0
2018-08-01,1,1486.0
2018-08-02,1,1450.0
2018-08-03,1,1340.0
2018-08-04,1,1107.0
2018-08-05,1,643.0
2018-08-06,1,1093.0
2018-08-07,1,1194.0
2018-08-08,1,1332.0
2018-08-09,1,888.0
2018-08-10,1,1178.0
2018-08-11,1,1122.0
2018-08-12,1,463.0
2018-08-13,1,899.0
2018-08-14,1,1272.0
2018-08-15,1,837.0
2018-08-16,1,1026.0
2018-08-17,1,1174.0
2018-08-18,1,1205.0
2018-08-19,1,789.0
2018-08-20,1,1360.0
2018-08-21,1,1655.0
2018-08-22,1,1802.0
2018-08-23,1,1468.0
2018-08-24,1,1584.0
2018-08-25,1,1349.0
2018-08-26,1,806.0
2018-08-27,1,1619.0
2018-08-28,1,2035.0
2018-08-29,1,1947.0
2018-08-30,1,2115.0
2018-08-31,1,2088.0
2018-09-01,1,2112.0
2018-09-02,1,1357.0
2018-09-03,1,2269.0
2018-09-04,1,2606.0
2018-09-05,1,2332.0
2018-09-06,1,2681.0
2018-09-07,1,2518.0
2018-09-08,1,2381.0
2018-09-09,1,1585.0
2018-09-10,1,2419.0
2018-09-11,1,2857.0
2018-09-12,1,2819.0
2018-09-13,1,2641.0
2018-09-14,1,2701.0
2018-09-15,1,2474.0
2018-09-16,1,2528.0
2018-09-17,1,2569.0
2018-09-18,1,2821.0
2018-09-19,1,2862.0
2018-09-20,1,2899.0
2018-09-21,1,2776.0
2018-09-22,1,1923.0
2018-09-23,1,1024.0
2018-09-24,1,2478.0
2018-09-25,1,2823.0
2018-09-26,1,2938.0
2018-09-27,1,3041.0
2018-09-28,1,2863.0
2018-09-29,1,2406.0
2018-09-30,1,1477.0
2018-10-01,1,2616.0
2018-10-02,1,2677.0
2018-10-03,1,2934.0
2018-10-04,1,3057.0
2018-10-05,1,3080.0
2018-10-06,1,1718.0
2018-10-07,1,808.0
2018-10-08,1,2662.0
2018-10-09,1,3023.0
2018-10-10,1,2761.0
2018-10-11,1,2545.0
2018-10-12,1,2872.0
2018-10-13,1,2970.0
2018-10-14,1,953.0
2018-10-15,1,2266.0
2018-10-16,1,2728.0
2018-10-17,1,2948.0
2018-10-18,1,2930.0
2018-10-19,1,2884.0
2018-10-20,1,2374.0
2018-10-21,1,1515.0
2018-10-22,1,2075.0
2018-10-23,1,2391.0
2018-10-24,1,2472.0
2018-10-25,1,2508.0
2018-10-26,1,2125.0
2018-10-27,1,1577.0
2018-10-28,1,956.0
2018-10-29,1,1442.0
2018-10-30,1,1822.0
2018-10-31,1,1817.0
2018-11-01,1,965.0
2018-11-02,1,1486.0
2018-11-03,1,1714.0
2018-11-04,1,1128.0
2018-11-05,1,2384.0
2018-11-06,1,2612.0
2018-11-07,1,2190.0
2018-11-08,1,2607.0
2018-11-09,1,2291.0
2018-11-10,1,1641.0
2018-11-11,1,860.0
2018-11-12,1,1991.0
2018-11-13,1,2676.0
2018-11-14,1,2514.0
2018-11-15,1,2667.0
2018-11-16,1,2444.0
2018-11-17,1,2212.0
2018-11-18,1,1174.0
2018-11-19,1,2103.0
2018-11-20,1,2240.0
2018-11-21,1,2356.0
2018-11-22,1,2110.0
2018-11-23,1,1701.0
2018-11-24,1,1830.0
2018-11-25,1,673.0
2018-11-26,1,2094.0
2018-11-27,1,1823.0
2018-11-28,1,2044.0
2018-11-29,1,2167.0
2018-11-30,1,2318.0
2018-12-01,1,1088.0
2018-12-02,1,871.0
2018-12-03,1,1705.0
2018-12-04,1,2325.0
2018-12-05,1,2073.0
2018-12-06,1,2345.0
2018-12-07,1,1966.0
2018-12-08,1,1910.0
2018-12-09,1,972.0
2018-12-10,1,2049.0
2018-12-11,1,2277.0
2018-12-12,1,2153.0
2018-12-13,1,2138.0
2018-12-14,1,2009.0
2018-12-15,1,1064.0
2018-12-16,1,775.0
2018-12-17,1,1949.0
2018-12-18,1,1875.0
2018-12-19,1,2034.0
2018-12-20,1,2243.0
2018-12-21,1,1921.0
2018-12-22,1,1855.0
2018-12-23,1,710.0
2018-12-24,1,804.0
2018-12-25,1,302.0
2018-12-26,1,893.0
2018-12-27,1,975.0
2018-12-28,1,1128.0
2018-12-29,1,1255.0
2018-12-30,1,644.0
2018-12-31,1,879.0
2019-01-01,1,531.0
2019-01-02,1,1183.0
2019-01-03,1,1441.0
2019-01-04,1,1564.0
2019-01-05,1,1537.0
2019-01-06,1,830.0
2019-01-07,1,1953.0
2019-01-08,1,2015.0
2019-01-09,1,1972.0
2019-01-10,1,2251.0
2019-01-11,1,2089.0
2019-01-12,1,1728.0
2019-01-13,1,1113.0
2019-01-14,1,1963.0
2019-01-15,1,2057.0
2019-01-16,1,2186.0
2019-01-17,1,2257.0
2019-01-18,1,2184.0
2019-01-19,1,1641.0
2019-01-20,1,997.0
2019-01-21,1,1894.0
2019-01-22,1,2065.0
2019-01-23,1,1867.0
2019-01-24,1,2091.0
2019-01-25,1,1936.0
2019-01-26,1,1549.0
2019-01-27,1,775.0
2019-01-28,1,1923.0
2019-01-29,1,1310.0
2019-01-30,1,1666.0
2019-01-31,1,1584.0
2019-02-01,1,1900.0
2019-02-02,1,1592.0
2019-02-03,1,1127.0
2019-02-04,1,1207.0
2019-02-05,1,1886.0
2019-02-06,1,1648.0
2019-02-07,1,2180.0
2019-02-08,1,1534.0
2019-02-09,1,1465.0
2019-02-10,1,705.0
2019-02-11,1,1662.0
2019-02-12,1,2029.0
2019-02-13,1,2066.0
2019-02-14,1,2202.0
2019-02-15,1,1973.0
2019-02-16,1,1637.0
2019-02-17,1,1008.0
2019-02-18,1,1393.0
2019-02-19,1,1724.0
2019-02-20,1,1770.0
2019-02-21,1,1786.0
2019-02-22,1,1937.0
2019-02-23,1,1950.0
2019-02-24,1,1426.0
2019-02-25,1,2267.0
2019-02-26,1,2667.0
2019-02-27,1,2712.0
2019-02-28,1,2475.0
2019-03-01,1,2504.0
2019-03-02,1,2147.0
2019-03-03,1,801.0
2019-03-04,1,1541.0
2019-03-05,1,2262.0
2019-03-06,1,1747.0
2019-03-07,1,2507.0
2019-03-08,1,2315.0
2019-03-09,1,1904.0
2019-03-10,1,1171.0
2019-03-11,1,2041.0
2019-03-12,1,1915.0
2019-03-13,2,3002.0
2019-03-14,2,2888.0
2019-03-15,2,3085.0
2019-03-16,2,2741.0
2019-03-17,2,1297.0
2019-03-18,2,2652.0
2019-03-19,2,3202.0
2019-03-20,2,3402.0
2019-03-21,2,3601.0
2019-03-22,2,3710.0
2019-03-23,2,3277.0
2019-03-24,2,1665.0
2019-03-25,2,3145.0
2019-03-26,2,3596.0
2019-03-27,2,3690.0
2019-03-28,2,3688.0
2019-03-29,2,3858.0
2019-03-30,2,3597.0
2019-03-31,2,2128.0
2019-04-01,2,3458.0
2019-04-02,2,3090.0
2019-04-03,2,2987.0
2019-04-04,2,2954.0
2019-04-05,2,2218.0
2019-04-06,2,2125.0
2019-04-07,2,1321.0
2019-04-08,2,2508.0
2019-04-09,2,2989.0
2019-04-10,2,2518.0
2019-04-11,2,3228.0
2019-04-12,2,3178.0
2019-04-13,2,2465.0
2019-04-14,2,1584.0
2019-04-15,2,2218.0
2019-04-16,2,2632.0
2019-04-17,2,3123.0
2019-04-18,2,3174.0
2019-04-19,2,3114.0
2019-04-20,2,2633.0
2019-04-21,2,1423.0
2019-04-22,2,1456.0
2019-04-23,2,3092.0
2019-04-24,2,2578.0
2019-04-25,2,3110.0
2019-04-26,2,3369.0
2019-04-27,2,2516.0
2019-04-28,2,1730.0
2019-04-29,2,3138.0
2019-04-30,2,3764.0
2019-05-01,2,2971.0
2019-05-02,2,3707.0
2019-05-03,2,3638.0
2019-05-04,2,2506.0
2019-05-05,2,1812.0
2019-05-06,2,3329.0
2019-05-07,2,3519.0
2019-05-08,2,1639.0
2019-05-09,2,3216.0
2019-05-10,2,2404.0
2019-05-11,2,2826.0
2019-05-12,2,2135.0
2019-05-13,2,3585.0
2019-05-14,2,4075.0
2019-05-15,2,4282.0
2019-05-16,2,3922.0
2019-05-17,2,3828.0
2019-05-18,2,3598.0
2019-05-19,2,2131.0
2019-05-20,2,3305.0
2019-05-21,2,4143.0
2019-05-22,2,4227.0
2019-05-23,2,4169.0
2019-05-24,2,4172.0
2019-05-25,2,3404.0
2019-05-26,2,2037.0
2019-05-27,2,3518.0
2019-05-28,2,3933.0
2019-05-29,2,3950.0
2019-05-30,2,1988.0
2019-05-31,2,2634.0
2019-06-01,2,2368.0
2019-06-02,2,1949.0
2019-06-03,2,3630.0
2019-06-04,2,3609.0
2019-06-05,2,3709.0
2019-06-06,2,3709.0
2019-06-07,2,2486.0
2019-06-08,2,2974.0
2019-06-09,2,1548.0
2019-06-10,2,1304.0
2019-06-11,2,3197.0
2019-06-12,2,2426.0
2019-06-13,2,3513.0
2019-06-14,2,3994.0
2019-06-15,2,2870.0
2019-06-16,2,1987.0
2019-06-17,2,4174.0
2019-06-18,2,4065.0
2019-06-19,2,3139.0
2019-06-20,2,4171.0
2019-06-21,2,4159.0
2019-06-22,2,3446.0
2019-06-23,2,2012.0
2019-06-24,2,2015.0
2019-06-25,2,4064.0
2019-06-26,2,4375.0
2019-06-27,2,3881.0
2019-06-28,2,3550.0
2019-06-29,2,2629.0
2019-06-30,2,2033.0
2019-07-01,2,3671.0
2019-07-02,2,4236.0
2019-07-03,2,4303.0
2019-07-04,2,4300.0
2019-07-05,2,4152.0
2019-07-06,2,3132.0
2019-07-07,2,1812.0
2019-07-08,2,3553.0
2019-07-09,2,4115.0
2019-07-10,2,4011.0
2019-07-11,2,3943.0
2019-07-12,2,3588.0
2019-07-13,2,2957.0
2019-07-14,2,1854.0
2019-07-15,2,3174.0
2019-07-16,2,3725.0
2019-07-17,2,3742.0
2019-07-18,2,2912.0
2019-07-19,2,3393.0
2019-07-20,2,2495.0
2019-07-21,2,1661.0
2019-07-22,2,2937.0
2019-07-23,2,2974.0
2019-07-24,2,3172.0
2019-07-25,2,3064.0
2019-07-26,2,2579.0
2019-07-27,2,2472.0
2019-07-28,2,1553.0
2019-07-29,2,2555.0
2019-07-30,2,2386.0
2019-07-31,2,3005.0
2019-08-01,2,3138.0
2019-08-02,2,2899.0
2019-08-03,2,2327.0
2019-08-04,2,1491.0
2019-08-05,2,2034.0
2019-08-06,2,2240.0
2019-08-07,2,2604.0
2019-08-08,2,2578.0
2019-08-09,2,1937.0
2019-08-10,2,2064.0
2019-08-11,2,1281.0
2019-08-12,2,1944.0
2019-08-13,2,2088.0
2019-08-14,2,1882.0
2019-08-15,2,1562.0
2019-08-16,2,1829.0
2019-08-17,2,1079.0
2019-08-18,2,1502.0
2019-08-19,2,2487.0
2019-08-20,2,3030.0
2019-08-21,2,3032.0
2019-08-22,2,3194.0
2019-08-23,2,2899.0
2019-08-24,2,2457.0
2019-08-25,2,1648.0
2019-08-26,2,3180.0
2019-08-27,2,3700.0
2019-08-28,2,3441.0
2019-08-29,2,3965.0
2019-08-30,2,3922.0
2019-08-31,2,3322.0
2019-09-01,2,2417.0
2019-09-02,2,3971.0
2019-09-03,2,4707.0
2019-09-04,2,4171.0
2019-09-05,2,4312.0
2019-09-06,2,4414.0
2019-09-07,2,3652.0
2019-09-08,2,2698.0
2019-09-09,2,3066.0
2019-09-10,2,4556.0
2019-09-11,2,4741.0
2019-09-12,2,4790.0
2019-09-13,2,4743.0
2019-09-14,2,3908.0
2019-09-15,2,3364.0
2019-09-16,2,4428.0
2019-09-17,2,4927.0
2019-09-18,2,4967.0
2019-09-19,2,5173.0
2019-09-20,2,4988.0
2019-09-21,2,4134.0
2019-09-22,2,2177.0
2019-09-23,2,3537.0
2019-09-24,2,3363.0
2019-09-25,2,3792.0
2019-09-26,2,3736.0
2019-09-27,2,4338.0
2019-09-28,2,3976.0
2019-09-29,2,1802.0
2019-09-30,2,3705.0
2019-10-01,2,3980.0
2019-10-02,2,4294.0
2019-10-03,2,4706.0
2019-10-04,2,4465.0
2019-10-05,2,3819.0
2019-10-06,2,2645.0
2019-10-07,2,2472.0
2019-10-08,2,3287.0
2019-10-09,2,4403.0
2019-10-10,2,4400.0
2019-10-11,2,4580.0
2019-10-12,2,4148.0
2019-10-13,2,1586.0
2019-10-14,2,3261.0
2019-10-15,2,4518.0
2019-10-16,2,2326.0
2019-10-17,2,3929.0
2019-10-18,2,3709.0
2019-10-19,2,3423.0
2019-10-20,2,1762.0
2019-10-21,2,3538.0
2019-10-22,2,4053.0
2019-10-23,2,3400.0
2019-10-24,2,3258.0
2019-10-25,2,3498.0
2019-10-26,2,3258.0
2019-10-27,2,1474.0
2019-10-28,2,1904.0
2019-10-29,2,2538.0
2019-10-30,2,2356.0
2019-10-31,2,3016.0
2019-11-01,2,1334.0
2019-11-02,2,2112.0
2019-11-03,2,1508.0
2019-11-04,2,3246.0
2019-11-05,2,3554.0
2019-11-06,2,3867.0
2019-11-07,2,3777.0
2019-11-08,2,3910.0
2019-11-09,2,2185.0
2019-11-10,2,1523.0
2019-11-11,2,1357.0
2019-11-12,2,3614.0
2019-11-13,2,3520.0
2019-11-14,2,3864.0
2019-11-15,2,3288.0
2019-11-16,2,2820.0
2019-11-17,2,1582.0
2019-11-18,2,3433.0
2019-11-19,2,3748.0
2019-11-20,2,3660.0
2019-11-21,2,3062.0
2019-11-22,2,3068.0
2019-11-23,2,3150.0
2019-11-24,2,1971.0
2019-11-25,2,2978.0
2019-11-26,2,2907.0
2019-11-27,2,3451.0
2019-11-28,2,3692.0
2019-11-29,2,3900.0
2019-11-30,2,2430.0
2019-12-01,2,1535.0
2019-12-02,2,3609.0
2019-12-03,2,3926.0
2019-12-04,2,3734.0
2019-12-05,2,4108.0
2019-12-06,2,3177.0
2019-12-07,2,3435.0
2019-12-08,2,1704.0
2019-12-09,2,3105.0
2019-12-10,2,3719.0
2019-12-11,2,3311.0
2019-12-12,2,3182.0
2019-12-13,2,3539.0
2019-12-14,2,3267.0
2019-12-15,2,1875.0
2019-12-16,2,2329.0
2019-12-17,2,3535.0
2019-12-18,2,3922.0
2019-12-19,2,3438.0
2019-12-20,2,3488.0
2019-12-21,2,2246.0
2019-12-22,2,1600.0
2019-12-23,2,2342.0
2019-12-24,2,1746.0
2019-12-25,2,482.0
2019-12-26,2,1733.0
2019-12-27,2,1875.0
2019-12-28,2,2079.0
2019-12-29,2,1280.0
2019-12-30,2,1879.0
2019-12-31,2,1685.0
2020-01-01,2,853.0
2020-01-02,2,2131.0
2020-01-03,2,2195.0
2020-01-04,2,2829.0
2020-01-05,2,1806.0
2020-01-06,2,3141.0
2020-01-07,2,3540.0
2020-01-08,2,3542.0
2020-01-09,2,3252.0
2020-01-10,2,3962.0
2020-01-11,2,3248.0
2020-01-12,2,1870.0
2020-01-13,2,2724.0
2020-01-14,2,2301.0
2020-01-15,2,2962.0
2020-01-16,2,3655.0
2020-01-17,2,3572.0
2020-01-18,2,3371.0
2020-01-19,2,1769.0
2020-01-20,2,3265.0
2020-01-21,2,3585.0
2020-01-22,2,3432.0
2020-01-23,2,3598.0
2020-01-24,2,3364.0
2020-01-25,2,2575.0
2020-01-26,2,1363.0
2020-01-27,2,2635.0
2020-01-28,2,3211.0
2020-01-29,2,3635.0
2020-01-30,2,3041.0
2020-01-31,2,3429.0
2020-02-01,2,2949.0
2020-02-02,2,1388.0
2020-02-03,2,2788.0
2020-02-04,2,3364.0
2020-02-05,2,3474.0
2020-02-06,2,3730.0
2020-02-07,2,3587.0
2020-02-08,2,2869.0
2020-02-09,2,1030.0
2020-02-10,2,2712.0
2020-02-11,2,3459.0
2020-02-12,2,3721.0
2020-02-13,2,3266.0
2020-02-14,2,3866.0
2020-02-15,2,2524.0
2020-02-16,2,760.0
2020-02-17,2,2402.0
2020-02-18,2,3201.0
2020-02-19,2,3000.0
2020-02-20,2,2869.0
2020-02-21,2,2729.0
2020-02-22,2,2448.0
2020-02-23,2,1226.0
2020-02-24,2,2201.0
2020-02-25,2,2467.0
2020-02-26,2,2688.0
2020-02-27,2,2356.0
2020-02-28,2,2404.0
2020-02-29,2,1870.0
2020-03-01,2,1164.0
2020-03-02,2,2956.0
2020-03-03,2,3454.0
2020-03-04,2,3333.0
2020-03-05,2,2485.0
2020-03-06,2,2646.0
2020-03-07,2,2860.0
2020-03-08,2,1486.0
2020-03-09,2,2711.0
2020-03-10,2,3228.0
2020-03-11,2,3487.0
2020-03-12,2,3557.0
2020-03-13,2,3545.0
2020-03-14,2,2876.0
2020-03-15,2,1537.0
2020-03-16,2,2310.0
2020-03-17,2,1408.0
2020-03-18,2,958.0
2020-03-19,2,917.0
2020-03-20,2,894.0
2020-03-21,2,668.0
2020-03-22,2,291.0
2020-03-23,2,745.0
2020-03-24,2,782.0
2020-03-25,2,809.0
2020-03-26,2,780.0
2020-03-27,2,748.0
2020-03-28,2,665.0
2020-03-29,2,229.0
2020-03-30,2,594.0
2020-03-31,2,752.0
2020-04-01,2,743.0
2020-04-02,2,751.0
2020-04-03,2,862.0
2020-04-04,2,670.0
2020-04-05,2,405.0
2020-04-06,2,749.0
2020-04-07,2,727.0
2020-04-08,2,976.0
2020-04-09,2,943.0
2020-04-10,2,1084.0
2020-04-11,2,781.0
2020-04-12,2,455.0
2020-04-13,2,395.0
2020-04-14,2,908.0
2020-04-15,2,1026.0
2020-04-16,2,933.0
2020-04-17,2,941.0
2020-04-18,2,853.0
2020-04-19,2,430.0
2020-04-20,2,708.0
2020-04-21,2,1034.0
2020-04-22,2,1100.0
2020-04-23,2,1175.0
2020-04-24,2,1132.0
2020-04-25,2,969.0
2020-04-26,2,619.0
2020-04-27,2,947.0
2020-04-28,2,861.0
2020-04-29,2,732.0
2020-04-30,2,1014.0
2020-05-01,2,716.0
2020-05-02,2,915.0
2020-05-03,2,680.0
2020-05-04,2,1217.0
2020-05-05,2,1316.0
2020-05-06,2,1487.0
2020-05-07,2,1608.0
2020-05-08,2,1020.0
2020-05-09,2,1120.0
2020-05-10,2,810.0
2020-05-11,2,2443.0
2020-05-12,2,3005.0
2020-05-13,2,2924.0
2020-05-14,2,3092.0
2020-05-15,2,3090.0
2020-05-16,2,3275.0
2020-05-17,2,2136.0
2020-05-18,2,3154.0
2020-05-19,2,3790.0
2020-05-20,2,3706.0
2020-05-21,2,2356.0
2020-05-22,2,2670.0
2020-05-23,2,2838.0
2020-05-24,2,2152.0
2020-05-25,2,3327.0
2020-05-26,2,4014.0
2020-05-27,2,4190.0
2020-05-28,2,4191.0
2020-05-29,2,3959.0
2020-05-30,2,3566.0
2020-05-31,2,2051.0
2020-06-01,2,2234.0
2020-06-02,2,4654.0
2020-06-03,2,3921.0
2020-06-04,2,3627.0
2020-06-05,2,3977.0
2020-06-06,2,3954.0
2020-06-07,2,1725.0
2020-06-08,2,3507.0
2020-06-09,2,4330.0
2020-06-10,2,2913.0
2020-06-11,2,1682.0
2020-06-12,2,2635.0
2020-06-13,2,2574.0
2020-06-14,2,1833.0
2020-06-15,2,2294.0
2020-06-16,2,3203.0
2020-06-17,2,3322.0
2020-06-18,2,3342.0
2020-06-19,2,3779.0
2020-06-20,2,3486.0
2020-06-21,2,2177.0
2020-06-22,2,4002.0
2020-06-23,2,4735.0
2020-06-24,2,4494.0
2020-06-25,2,4600.0
2020-06-26,2,4282.0
2020-06-27,2,3000.0
2020-06-28,2,2228.0
2020-06-29,2,3875.0
2020-06-30,2,2385.0
2020-07-01,2,1200.0
2020-07-02,2,1295.0
2020-07-03,2,1442.0
2020-07-04,2,925.0
2020-07-05,2,609.0
2020-07-06,2,1052.0
2020-07-07,2,3630.0
2020-07-08,2,4439.0
2020-07-09,2,4504.0
2020-07-10,2,4069.0
2020-07-11,2,2985.0
2020-07-12,2,1760.0
2020-07-13,2,2372.0
2020-07-14,2,1593.0
2020-07-15,2,3502.0
2020-07-16,2,3867.0
2020-07-17,2,3834.0
2020-07-18,2,3230.0
2020-07-19,2,1946.0
2020-07-20,2,3030.0
2020-07-21,2,3959.0
2020-07-22,2,3942.0
2020-07-23,2,3898.0
2020-07-24,2,3475.0
2020-07-25,2,2513.0
2020-07-26,2,1896.0
2020-07-27,2,2735.0
2020-07-28,2,3455.0
2020-07-29,2,3434.0
2020-07-30,2,3600.0
2020-07-31,2,3132.0
2020-08-01,2,2624.0
2020-08-02,2,1766.0
2020-08-03,2,2532.0
2020-08-04,2,3002.0
2020-08-05,2,3045.0
2020-08-06,2,2782.0
2020-08-07,2,2464.0
2020-08-08,2,2201.0
2020-08-09,2,1518.0
2020-08-10,2,2294.0
2020-08-11,2,2667.0
2020-08-12,2,1704.0
2020-08-13,2,2113.0
2020-08-14,2,2702.0
2020-08-15,2,2234.0
2020-08-16,2,1493.0
2020-08-17,2,2496.0
2020-08-18,2,2844.0
2020-08-19,2,2028.0
2020-08-20,2,3081.0
2020-08-21,2,2811.0
2020-08-22,2,2529.0
2020-08-23,2,1896.0
2020-08-24,2,3186.0
2020-08-25,2,3571.0
2020-08-26,2,3806.0
2020-08-27,2,3398.0
2020-08-28,2,3086.0
2020-08-29,2,2619.0
2020-08-30,2,2034.0
2020-08-31,2,4005.0
2020-09-01,2,4750.0
2020-09-02,2,4774.0
2020-09-03,2,4896.0
2020-09-04,2,4749.0
2020-09-05,2,3780.0
2020-09-06,2,2253.0
2020-09-07,2,4234.0
2020-09-08,2,5086.0
2020-09-09,2,5020.0
2020-09-10,2,5091.0
2020-09-11,2,4953.0
2020-09-12,2,4018.0
2020-09-13,2,2318.0
2020-09-14,2,4432.0
2020-09-15,2,4937.0
2020-09-16,2,5105.0
2020-09-17,2,5184.0
2020-09-18,2,5063.0
2020-09-19,2,3481.0
2020-09-20,2,2178.0
2020-09-21,2,4384.0
2020-09-22,2,5038.0
2020-09-23,2,4012.0
2020-09-24,2,3588.0
2020-09-25,2,3374.0
2020-09-26,2,3461.0
2020-09-27,2,1980.0
2020-09-28,2,4077.0
2020-09-29,2,4038.0
2020-09-30,2,3399.0
2020-10-01,2,4006.0
2020-10-02,2,3614.0
2020-10-03,2,1806.0
2020-10-04,2,1749.0
2020-10-05,2,3656.0
2020-10-06,2,4099.0
2020-10-07,2,4488.0
2020-10-08,2,4591.0
2020-10-09,2,4474.0
2020-10-10,2,3816.0
2020-10-11,2,1643.0
2020-10-12,2,3648.0
2020-10-13,2,3822.0
2020-10-14,2,4399.0
2020-10-15,2,4618.0
2020-10-16,2,4494.0
2020-10-17,2,3519.0
2020-10-18,2,2156.0
2020-10-19,2,3711.0
2020-10-20,2,3921.0
2020-10-21,2,3116.0
2020-10-22,2,4214.0
2020-10-23,2,4200.0
2020-10-24,2,2054.0
2020-10-25,2,1387.0
2020-10-26,2,2710.0
2020-10-27,2,2322.0
2020-10-28,2,2971.0
2020-10-29,2,3760.0
2020-10-30,2,1874.0
2020-10-31,2,1549.0
2020-11-01,2,884.0
2020-11-02,2,2162.0
2020-11-03,2,2498.0
2020-11-04,2,2449.0
2020-11-05,2,2619.0
2020-11-06,2,2642.0
2020-11-07,2,2395.0
2020-11-08,2,1202.0
2020-11-09,2,2377.0
2020-11-10,2,2616.0
2020-11-11,2,1329.0
2020-11-12,2,2752.0
2020-11-13,2,2447.0
2020-11-14,2,2315.0
2020-11-15,2,835.0
2020-11-16,2,2419.0
2020-11-17,2,2718.0
2020-11-18,2,2612.0
2020-11-19,2,2631.0
2020-11-20,2,2745.0
2020-11-21,2,2721.0
2020-11-22,2,1347.0
2020-11-23,2,2438.0
2020-11-24,2,2766.0
2020-11-25,2,2664.0
2020-11-26,2,2846.0
2020-11-27,2,2837.0
2020-11-28,2,3798.0
2020-11-29,2,2267.0
2020-11-30,2,2630.0
2020-12-01,2,3095.0
2020-12-02,2,3096.0
2020-12-03,2,2267.0
2020-12-04,2,2851.0
2020-12-05,2,2155.0
2020-12-06,2,807.0
2020-12-07,2,2405.0
2020-12-08,2,2868.0
2020-12-09,2,2799.0
2020-12-10,2,2792.0
2020-12-11,2,2908.0
2020-12-12,2,3133.0
2020-12-13,2,1081.0
2020-12-14,2,2562.0
2020-12-15,2,3274.0
2020-12-16,2,2806.0
2020-12-17,2,3361.0
2020-12-18,2,3227.0
2020-12-19,2,3009.0
2020-12-20,2,1742.0
2020-12-21,2,2163.0
2020-12-22,2,2176.0
2020-12-23,2,2258.0
2020-12-24,2,1580.0
2020-12-25,2,374.0
2020-12-26,2,1323.0
2020-12-27,2,644.0
2020-12-28,2,918.0
2020-12-29,2,1797.0
2020-12-30,2,1726.0
2020-12-31,2,1402.0
2021-01-01,2,746.0
2021-01-02,2,1508.0
2021-01-03,2,962.0
2021-01-04,2,2159.0
2021-01-05,2,2720.0
2021-01-06,2,2638.0
2021-01-07,2,2775.0
2021-01-08,2,2692.0
2021-01-09,2,2606.0
2021-01-10,2,1331.0
2021-01-11,2,2582.0
2021-01-12,2,2727.0
2021-01-13,2,2836.0
2021-01-14,2,2743.0
2021-01-15,2,3110.0
2021-01-16,2,2009.0
2021-01-17,2,1523.0
2021-01-18,2,2511.0
2021-01-19,2,2829.0
2021-01-20,2,2678.0
2021-01-21,2,2250.0
2021-01-22,2,2950.0
2021-01-23,2,2478.0
2021-01-24,2,1379.0
2021-01-25,2,2657.0
2021-01-26,2,2706.0
2021-01-27,2,2440.0
2021-01-28,2,2699.0
2021-01-29,2,3107.0
2021-01-30,2,2118.0
2021-01-31,2,1121.0
2021-02-01,2,2146.0
2021-02-02,2,2793.0
2021-02-03,2,2527.0
2021-02-04,2,3009.0
2021-02-05,2,2900.0
2021-02-06,2,2659.0
2021-02-07,2,1317.0
2021-02-08,2,2597.0
2021-02-09,2,1990.0
2021-02-10,2,1393.0
2021-02-11,2,1646.0
2021-02-12,2,1997.0
2021-02-13,2,2042.0
2021-02-14,2,1206.0
2021-02-15,2,2275.0
2021-02-16,2,2830.0
2021-02-17,2,2900.0
2021-02-18,2,2925.0
2021-02-19,2,3057.0
2021-02-20,2,2827.0
2021-02-21,2,1549.0
2021-02-22,2,1847.0
2021-02-23,2,2907.0
2021-02-24,2,3024.0
2021-02-25,2,2897.0
2021-02-26,2,2837.0
2021-02-27,2,2642.0
2021-02-28,2,1714.0
2021-03-01,2,2374.0
2021-03-02,2,2731.0
2021-03-03,2,2675.0
2021-03-04,2,2696.0
2021-03-05,2,2551.0
2021-03-06,2,2613.0
2021-03-07,2,1811.0
2021-03-08,2,2816.0
2021-03-09,2,3048.0
2021-03-10,2,2553.0
2021-03-11,2,2646.0
2021-03-12,2,2840.0
2021-03-13,2,2162.0
2021-03-14,2,1663.0
2021-03-15,2,2660.0
2021-03-16,2,3215.0
2021-03-17,2,3281.0
2021-03-18,2,3206.0
2021-03-19,2,3364.0
2021-03-20,2,3269.0
2021-03-21,2,1647.0
2021-03-22,2,2973.0
2021-03-23,2,3516.0
2021-03-24,2,3378.0
2021-03-25,2,3530.0
2021-03-26,2,2854.0
2021-03-27,2,3053.0
2021-03-28,2,1994.0
2021-03-29,2,3272.0
2021-03-30,2,3900.0
2021-03-31,2,3835.0
2021-04-01,2,4121.0
2021-04-02,2,3691.0
2021-04-03,2,2706.0
2021-04-04,2,1483.0
2021-04-05,2,1322.0
2021-04-06,2,2672.0
2021-04-07,2,2991.0
2021-04-08,2,3102.0
2021-04-09,2,2720.0
2021-04-10,2,1984.0
2021-04-11,2,1180.0
2021-04-12,2,2736.0
2021-04-13,2,3196.0
2021-04-14,2,3176.0
2021-04-15,2,3076.0
2021-04-16,2,2964.0
2021-04-17,2,3363.0
2021-04-18,2,2339.0
2021-04-19,2,2791.0
2021-04-20,2,3157.0
2021-04-21,2,3335.0
2021-04-22,2,3475.0
2021-04-23,2,3519.0
2021-04-24,2,3838.0
2021-04-25,2,2725.0
2021-04-26,2,2965.0
2021-04-27,2,3495.0
2021-04-28,2,3369.0
2021-04-29,2,3416.0
2021-04-30,2,3675.0
2021-05-01,2,3035.0
2021-05-02,2,2340.0
2021-05-03,2,3118.0
2021-05-04,2,2609.0
2021-05-05,2,3294.0
2021-05-06,2,2645.0
2021-05-07,2,3406.0
2021-05-08,2,2584.0
2021-05-09,2,2149.0
2021-05-10,2,2916.0
2021-05-11,2,3204.0
2021-05-12,2,2572.0
2021-05-13,2,1491.0
2021-05-14,2,1809.0
2021-05-15,2,1761.0
2021-05-16,2,1078.0
2021-05-17,2,2479.0
2021-05-18,2,3266.0
2021-05-19,2,4463.0
2021-05-20,2,3857.0
2021-05-21,2,3812.0
2021-05-22,2,2727.0
2021-05-23,2,1484.0
2021-05-24,2,1294.0
2021-05-25,2,3436.0
2021-05-26,2,2770.0
2021-05-27,2,4153.0
2021-05-28,2,4575.0
2021-05-29,2,3888.0
2021-05-30,2,2331.0
2021-05-31,2,3967.0
2021-06-01,2,4735.0
2021-06-02,2,4392.0
2021-06-03,2,3553.0
2021-06-04,2,4144.0
2021-06-05,2,3856.0
2021-06-06,2,2301.0
2021-06-07,2,3982.0
2021-06-08,2,4858.0
2021-06-09,2,5117.0
2021-06-10,2,5081.0
2021-06-11,2,4969.0
2021-06-12,2,3748.0
2021-06-13,2,2132.0
2021-06-14,2,4084.0
2021-06-15,2,5031.0
2021-06-16,2,4095.0
2021-06-17,2,4049.0
2021-06-18,2,3585.0
2021-06-19,2,2815.0
2021-06-20,2,2173.0
2021-06-21,2,3297.0
2021-06-22,2,3745.0
2021-06-23,2,4200.0
2021-06-24,2,4747.0
2021-06-25,2,3457.0
2021-06-26,2,1772.0
2021-06-27,2,2001.0
2021-06-28,2,2691.0
2021-06-29,2,4059.0
2021-06-30,2,4111.0
2021-07-01,2,4902.0
2021-07-02,2,4587.0
2021-07-03,2,3322.0
2021-07-04,2,2062.0
2021-07-05,2,2741.0
2021-07-06,2,3572.0
2021-07-07,2,3854.0
2021-07-08,2,4195.0
2021-07-09,2,3915.0
2021-07-10,2,2182.0
2021-07-11,2,2109.0
2021-07-12,2,2266.0
2021-07-13,2,3695.0
2021-07-14,2,2586.0
2021-07-15,2,3652.0
2021-07-16,2,3727.0
2021-07-17,2,2790.0
2021-07-18,2,1846.0
2021-07-19,2,2961.0
2021-07-20,2,3213.0
2021-07-21,2,3193.0
2021-07-22,2,3203.0
2021-07-23,2,2718.0
2021-07-24,2,1512.0
2021-07-25,2,1079.0
2021-07-26,2,2497.0
2021-07-27,2,2074.0
2021-07-28,2,2785.0
2021-07-29,2,2891.0
2021-07-30,2,2619.0
2021-07-31,2,2105.0
2021-08-01,2,1208.0
2021-08-02,2,1870.0
2021-08-03,2,1937.0
2021-08-04,2,1640.0
2021-08-05,2,1810.0
2021-08-06,2,2273.0
2021-08-07,2,2122.0
2021-08-08,2,1549.0
2021-08-09,2,1772.0
2021-08-10,2,2545.0
2021-08-11,2,2809.0
2021-08-12,2,2627.0
2021-08-13,2,2555.0
2021-08-14,2,2421.0
2021-08-15,2,1543.0
2021-08-16,2,2241.0
2021-08-17,2,2792.0
2021-08-18,2,2676.0
2021-08-19,2,2968.0
2021-08-20,2,2913.0
2021-08-21,2,2001.0
2021-08-22,2,2039.0
2021-08-23,2,2922.0
2021-08-24,2,3773.0
2021-08-25,2,3743.0
2021-08-26,2,3772.0
2021-08-27,2,3618.0
2021-08-28,2,3151.0
2021-08-29,2,2108.0
2021-08-30,2,3739.0
2021-08-31,2,4399.0
2021-09-01,2,4536.0
2021-09-02,2,4771.0
2021-09-03,2,4609.0
2021-09-04,2,4137.0
2021-09-05,2,2641.0
2021-09-06,2,4345.0
2021-09-07,2,5042.0
2021-09-08,2,3910.0
2021-09-09,2,4235.0
2021-09-10,2,4702.0
2021-09-11,2,4308.0
2021-09-12,2,2821.0
2021-09-13,2,4534.0
2021-09-14,2,4767.0
2021-09-15,2,4827.0
2021-09-16,2,5339.0
2021-09-17,2,5182.0
2021-09-18,2,3703.0
2021-09-19,2,2606.0
2021-09-20,2,4359.0
2021-09-21,2,5226.0
2021-09-22,2,5121.0
2021-09-23,2,5122.0
2021-09-24,2,5155.0
2021-09-25,2,4073.0
2021-09-26,2,2372.0
2021-09-27,2,3567.0
2021-09-28,2,4632.0
2021-09-29,2,4904.0
2021-09-30,2,5138.0
2021-10-01,2,3738.0
2021-10-02,2,1710.0
2021-10-03,2,2541.0
2021-10-04,2,4255.0
2021-10-05,2,4836.0
2021-10-06,2,4963.0
2021-10-07,2,4768.0
2021-10-08,2,5151.0
2021-10-09,2,4608.0
2021-10-10,2,2625.0
2021-10-11,2,4269.0
2021-10-12,2,4847.0
2021-10-13,2,4881.0
2021-10-14,2,5148.0
2021-10-15,2,4819.0
2021-10-16,2,4130.0
2021-10-17,2,2547.0
2021-10-18,2,3328.0
2021-10-19,2,4924.0
2021-10-20,2,3732.0
2021-10-21,2,4147.0
2021-10-22,2,4537.0
2021-10-23,2,3966.0
2021-10-24,2,2437.0
2021-10-25,2,3320.0
2021-10-26,2,4183.0
2021-10-27,2,4123.0
2021-10-28,2,4292.0
2021-10-29,2,3621.0
2021-10-30,2,2819.0
2021-10-31,2,1590.0
2021-11-01,2,1497.0
2021-11-02,2,3329.0
2021-11-03,2,3132.0
2021-11-04,2,3506.0
2021-11-05,2,3683.0
2021-11-06,2,3421.0
2021-11-07,2,2259.0
2021-11-08,2,3822.0
2021-11-09,2,4393.0
2021-11-10,2,4626.0
2021-11-11,2,2552.0
2021-11-12,2,3360.0
2021-11-13,2,2749.0
2021-11-14,2,1847.0
2021-11-15,2,3963.0
2021-11-16,2,4348.0
2021-11-17,2,4307.0
2021-11-18,2,4468.0
2021-11-19,2,4486.0
2021-11-20,2,3782.0
2021-11-21,2,1567.0
2021-11-22,2,3695.0
2021-11-23,2,4139.0
2021-11-24,2,4145.0
2021-11-25,2,3975.0
2021-11-26,2,3594.0
2021-11-27,2,1819.0
2021-11-28,2,1696.0
2021-11-29,2,3438.0
2021-11-30,2,4024.0
2021-12-01,2,3926.0
2021-12-02,2,3788.0
2021-12-03,2,3029.0
2021-12-04,2,2878.0
2021-12-05,2,1697.0
2021-12-06,2,3158.0
2021-12-07,2,3230.0
2021-12-08,2,3836.0
2021-12-09,2,2231.0
2021-12-10,2,1979.0
2021-12-11,2,1907.0
2021-12-12,2,1376.0
2021-12-13,2,2460.0
2021-12-14,2,2795.0
2021-12-15,2,2773.0
2021-12-16,2,2887.0
2021-12-17,2,2901.0
2021-12-18,2,2440.0
2021-12-19,2,1177.0
2021-12-20,2,1877.0
2021-12-21,2,2181.0
2021-12-22,2,1915.0
2021-12-23,2,1930.0
2021-12-24,2,1170.0
2021-12-25,2,436.0
2021-12-26,2,715.0
2021-12-27,2,1473.0
2021-12-28,2,2203.0
2021-12-29,2,1413.0
2021-12-30,2,1649.0
2021-12-31,2,1539.0
2022-01-01,2,842.0
2022-01-02,2,969.0
2022-01-03,2,1667.0
2022-01-04,2,2142.0
2022-01-05,2,2085.0
2022-01-06,2,2340.0
2022-01-07,2,2101.0
2022-01-08,2,1310.0
2022-01-09,2,926.0
2022-01-10,2,1674.0
2022-01-11,2,2099.0
2022-01-12,2,2353.0
2022-01-13,2,2545.0
2022-01-14,2,2320.0
2022-01-15,2,1884.0
2022-01-16,2,922.0
2022-01-17,2,2132.0
2022-01-18,2,2395.0
2022-01-19,2,2198.0
2022-01-20,2,2549.0
2022-01-21,2,2400.0
2022-01-22,2,2052.0
2022-01-23,2,991.0
2022-01-24,2,2149.0
2022-01-25,2,2185.0
2022-01-26,2,2224.0
2022-01-27,2,2385.0
2022-01-28,2,2260.0
2022-01-29,2,2141.0
2022-01-30,2,1210.0
2022-01-31,2,2109.0
2022-02-01,2,2456.0
2022-02-02,2,2496.0
2022-02-03,2,2584.0
2022-02-04,2,2378.0
2022-02-05,2,2345.0
2022-02-06,2,1144.0
2022-02-07,2,2100.0
2022-02-08,2,2333.0
2022-02-09,2,2251.0
2022-02-10,2,2239.0
2022-02-11,2,2217.0
2022-02-12,2,1775.0
2022-02-13,2,754.0
2022-02-14,2,1542.0
2022-02-15,2,1696.0
2022-02-16,2,1873.0
2022-02-17,2,2173.0
2022-02-18,2,1822.0
2022-02-19,2,1891.0
2022-02-20,2,993.0
2022-02-21,2,2063.0
2022-02-22,2,2662.0
2022-02-23,2,2718.0
2022-02-24,2,2669.0
2022-02-25,2,2660.0
2022-02-26,2,2402.0
2022-02-27,2,1271.0
2022-02-28,2,2437.0
2022-03-01,2,2642.0
2022-03-02,2,2741.0
2022-03-03,2,2365.0
2022-03-04,2,2670.0
2022-03-05,2,2232.0
2022-03-06,2,1393.0
2022-03-07,2,2388.0
2022-03-08,2,2475.0
2022-03-09,2,2623.0
2022-03-10,2,2792.0
2022-03-11,2,1933.0
2022-03-12,2,2437.0
2022-03-13,2,1189.0
2022-03-14,2,3175.0
2022-03-15,2,3595.0
2022-03-16,2,3230.0
2022-03-17,2,4487.0
2022-03-18,2,4138.0
2022-03-19,2,3237.0
2022-03-20,2,2136.0
2022-03-21,2,3780.0
2022-03-22,2,4382.0
2022-03-23,2,4368.0
2022-03-24,2,4653.0
2022-03-25,2,4604.0
2022-03-26,2,4219.0
2022-03-27,2,2608.0
2022-03-28,2,3736.0
2022-03-29,2,4162.0
2022-03-30,2,3852.0
2022-03-31,2,3274.0
2022-04-01,2,3407.0
2022-04-02,2,3041.0
2022-04-03,2,1971.0
2022-04-04,2,3278.0
2022-04-05,2,3876.0
2022-04-06,2,3708.0
2022-04-07,2,3535.0
2022-04-08,2,2449.0
2022-04-09,2,3377.0
2022-04-10,2,2713.0
2022-04-11,2,3313.0
2022-04-12,2,3058.0
2022-04-13,2,3798.0
2022-04-14,2,3982.0
2022-04-15,2,3689.0
2022-04-16,2,2905.0
2022-04-17,2,1547.0
2022-04-18,2,1584.0
2022-04-19,2,3111.0
2022-04-20,2,3368.0
2022-04-21,2,3800.0
2022-04-22,2,3591.0
2022-04-23,2,3199.0
2022-04-24,2,2374.0
2022-04-25,2,4086.0
2022-04-26,2,4447.0
2022-04-27,2,4332.0
2022-04-28,2,4768.0
2022-04-29,2,4710.0
2022-04-30,2,3825.0
2022-05-01,2,3378.0
2022-05-02,2,3929.0
2022-05-03,2,4677.0
2022-05-04,2,4746.0
2022-05-05,2,5003.0
2022-05-06,2,4915.0
2022-05-07,2,3865.0
2022-05-08,2,2386.0
2022-05-09,2,4422.0
2022-05-10,2,4945.0
2022-05-11,2,4751.0
2022-05-12,2,4988.0
2022-05-13,2,4924.0
2022-05-14,2,4082.0
2022-05-15,2,2408.0
2022-05-16,2,4424.0
2022-05-17,2,4888.0
2022-05-18,2,5003.0
2022-05-19,2,4431.0
2022-05-20,2,4681.0
2022-05-21,2,4178.0
2022-05-22,2,2723.0
2022-05-23,2,2359.0
2022-05-24,2,3978.0
2022-05-25,2,4395.0
2022-05-26,2,2071.0
2022-05-27,2,2496.0
2022-05-28,2,2521.0
2022-05-29,2,1823.0
2022-05-30,2,4068.0
2022-05-31,2,4836.0
2022-06-01,2,5085.0
2022-06-02,2,4850.0
2022-06-03,2,3703.0
2022-06-04,2,3224.0
2022-06-05,2,2103.0
2022-06-06,2,1935.0
2022-06-07,2,4235.0
2022-06-08,2,4514.0
2022-06-09,2,4906.0
2022-06-10,2,4743.0
2022-06-11,2,4008.0
2022-06-12,2,3384.0
2022-06-13,2,4428.0
2022-06-14,2,4894.0
2022-06-15,2,4908.0
2022-06-16,2,4856.0
2022-06-17,2,4452.0
2022-06-18,2,2912.0
2022-06-19,2,2078.0
2022-06-20,2,4142.0
2022-06-21,2,4613.0
2022-06-22,2,3845.0
2022-06-23,2,4500.0
2022-06-24,2,3848.0
2022-06-25,2,3247.0
2022-06-26,2,2137.0
2022-06-27,2,3995.0
2022-06-28,2,4650.0
2022-06-29,2,4538.0
2022-06-30,2,4057.0
2022-07-01,2,4322.0
2022-07-02,2,3391.0
2022-07-03,2,2155.0
2022-07-04,2,3906.0
2022-07-05,2,4608.0
2022-07-06,2,4424.0
2022-07-07,2,4448.0
2022-07-08,2,4176.0
2022-07-09,2,3195.0
2022-07-10,2,1884.0
2022-07-11,2,3614.0
2022-07-12,2,4117.0
2022-07-13,2,3965.0
2022-07-14,2,2333.0
2022-07-15,2,2399.0
2022-07-16,2,2189.0
2022-07-17,2,1502.0
2022-07-18,2,2418.0
2022-07-19,2,3374.0
2022-07-20,2,3518.0
2022-07-21,2,3573.0
2022-07-22,2,3303.0
2022-07-23,2,2836.0
2022-07-24,2,1673.0
2022-07-25,2,2918.0
2022-07-26,2,3530.0
2022-07-27,2,3447.0
2022-07-28,2,3497.0
2022-07-29,2,3138.0
2022-07-30,2,2821.0
2022-07-31,2,1756.0
2022-08-01,2,2666.0
2022-08-02,2,3081.0
2022-08-03,2,2933.0
2022-08-04,2,3028.0
2022-08-05,2,2669.0
2022-08-06,2,2247.0
2022-08-07,2,1681.0
2022-08-08,2,2327.0
2022-08-09,2,2680.0
2022-08-10,2,2665.0
2022-08-11,2,2509.0
2022-08-12,2,2324.0
2022-08-13,2,2087.0
2022-08-14,2,922.0
2022-08-15,2,1648.0
2022-08-16,2,2403.0
2022-08-17,2,2431.0
2022-08-18,2,2926.0
2022-08-19,2,2235.0
2022-08-20,2,2633.0
2022-08-21,2,1531.0
2022-08-22,2,2874.0
2022-08-23,2,3588.0
2022-08-24,2,3777.0
2022-08-25,2,3529.0
2022-08-26,2,3658.0
2022-08-27,2,3132.0
2022-08-28,2,2047.0
2022-08-29,2,3850.0
2022-08-30,2,4668.0
2022-08-31,2,4331.0
2022-09-01,2,4030.0
2022-09-02,2,4091.0
2022-09-03,2,3602.0
2022-09-04,2,2917.0
2022-09-05,2,4436.0
2022-09-06,2,3934.0
2022-09-07,2,3863.0
2022-09-08,2,4645.0
2022-09-09,2,4353.0
2022-09-10,2,3822.0
2022-09-11,2,2835.0
2022-09-12,2,4491.0
2022-09-13,2,4706.0
2022-09-14,2,4414.0
2022-09-15,2,5342.0
2022-09-16,2,4695.0
2022-09-17,2,4288.0
2022-09-18,2,3917.0
2022-09-19,2,4434.0
2022-09-20,2,4856.0
2022-09-21,2,4755.0
2022-09-22,2,4844.0
2022-09-23,2,4131.0
2022-09-24,2,3531.0
2022-09-25,2,2205.0
2022-09-26,2,3190.0
2022-09-27,2,3912.0
2022-09-28,2,3437.0
2022-09-29,2,4198.0
2022-09-30,2,4149.0
2022-10-01,2,3844.0
2022-10-02,2,2253.0
2022-10-03,2,4192.0
2022-10-04,2,4847.0
2022-10-05,2,4304.0
2022-10-06,2,5178.0
2022-10-07,2,4830.0
2022-10-08,2,4238.0
2022-10-09,2,2774.0
2022-10-10,2,3792.0
2022-10-11,2,4815.0
2022-10-12,2,4605.0
2022-10-13,2,3788.0
2022-10-14,2,3108.0
2022-10-15,2,3540.0
2022-10-16,2,1949.0
2022-10-17,2,3740.0
2022-10-18,2,4728.0
2022-10-19,2,4784.0
2022-10-20,2,4399.0
2022-10-21,2,4600.0
2022-10-22,2,3812.0
2022-10-23,2,1707.0
2022-10-24,2,3251.0
2022-10-25,2,3984.0
2022-10-26,2,3848.0
2022-10-27,2,4258.0
2022-10-28,2,3786.0
2022-10-29,2,3101.0
2022-10-30,2,1769.0
2022-10-31,2,2097.0
2022-11-01,2,1463.0
2022-11-02,2,3256.0
2022-11-03,2,2919.0
2022-11-04,2,3246.0
2022-11-05,2,2957.0
2022-11-06,2,1560.0
2022-11-07,2,3662.0
2022-11-08,2,4073.0
2022-11-09,2,4194.0
2022-11-10,2,4659.0
2022-11-11,2,2126.0
2022-11-12,2,3152.0
2022-11-13,2,2059.0
2022-11-14,2,3157.0
2022-11-15,2,3280.0
2022-11-16,2,2927.0
2022-11-17,2,3856.0
2022-11-18,2,3946.0
2022-11-19,2,3395.0
2022-11-20,2,1905.0
2022-11-21,2,2899.0
2022-11-22,2,3915.0
2022-11-23,2,3663.0
2022-11-24,2,3411.0
2022-11-25,2,3967.0
2022-11-26,2,3353.0
2022-11-27,2,1132.0
2022-11-28,2,3337.0
2022-11-29,2,4089.0
2022-11-30,2,3899.0
2022-12-01,2,3904.0
2022-12-02,2,3554.0
2022-12-03,2,2891.0
2022-12-04,2,1707.0
2022-12-05,2,3286.0
2022-12-06,2,3808.0
2022-12-07,2,3526.0
2022-12-08,2,3417.0
2022-12-09,2,3686.0
2022-12-10,2,2892.0
2022-12-11,2,1737.0
2022-12-12,2,3003.0
2022-12-13,2,3234.0
2022-12-14,2,2610.0
2022-12-15,2,3351.0
2022-12-16,2,3386.0
2022-12-17,2,2543.0
2022-12-18,2,1086.0
2022-12-19,2,2033.0
2022-12-20,2,2175.0
2022-12-21,2,2227.0
2022-12-22,2,2375.0
2022-12-23,2,2386.0
2022-12-24,2,1437.0
2022-12-25,2,369.0
2022-12-26,2,1390.0
2022-12-27,2,2002.0
2022-12-28,2,1431.0
2022-12-29,2,2184.0
2022-12-30,2,1448.0
2022-12-31,2,1670.0
2023-01-01,2,842.0
2023-01-02,2,2457.0
2023-01-03,2,3309.0
2023-01-04,2,3180.0
2023-01-05,2,3600.0
2023-01-06,2,3338.0
2023-01-07,2,2453.0
2023-01-08,2,1421.0
2023-01-09,2,3051.0
2023-01-10,2,3239.0
2023-01-11,2,0.0
